{
    "providers": [
        {
            "type": "bitmap",
            "file": "minecraft:font/icons/server_icon.png",
            "ascent": 40,
            "height": 130,
            "chars": [
                    "\u0100"
                ]
        },
        {
            "type": "bitmap",
            "file": "minecraft:font/icons/discord.png",
            "ascent": 10,
            "height": 30,
            "chars": [
                    "\u0101"
                ]
        },
        {
            "type": "bitmap",
            "file": "minecraft:font/icons/coin.png",
            "ascent": 14,
            "height": 20,
            "chars": [
                    "\u0200"
                ]
        }
    ]
}